{"loss_data": [2.4710187911987305, 1.9533175230026245, 1.9334235191345215, 1.8327940702438354, 1.8023854494094849, 1.7975395917892456, 1.8127741813659668, 1.723355770111084, 1.7158316373825073, 1.6715073585510254, 1.5246155261993408, 1.5842161178588867, 1.5465846061706543, 1.420077919960022, 1.418501377105713, 1.4540395736694336, 1.3594329357147217, 1.2764832973480225, 1.2701528072357178, 1.2963051795959473, 1.3721638917922974, 1.2892173528671265, 1.2532814741134644, 1.2636449337005615, 1.197772741317749, 1.2087578773498535, 1.3356153964996338, 1.2959233522415161, 1.1160656213760376, 1.0864444971084595, 1.1891380548477173, 1.0707446336746216, 1.1685357093811035, 1.029381275177002, 1.0755239725112915, 1.189672827720642, 1.1148195266723633, 1.0291507244110107, 1.1071462631225586, 1.045107364654541, 1.0251824855804443, 1.0382280349731445, 1.0266523361206055, 1.0367779731750488, 1.047242283821106, 1.06037175655365, 0.9421268105506897, 0.9569243788719177, 0.976071834564209, 0.9733522534370422, 1.0423911809921265, 1.0643504858016968, 0.8572137951850891, 0.9557189345359802, 0.9573025703430176, 0.9199355840682983, 1.0634934902191162, 1.076634168624878, 0.8105879426002502, 0.8612883687019348, 0.955194354057312, 0.9906079173088074, 0.929818332195282, 0.9081924557685852, 0.968914806842804, 1.0106757879257202, 0.8050994873046875, 0.8516649603843689, 0.969499409198761, 0.9405922293663025, 0.8880593180656433, 0.9484084844589233, 0.8600957989692688, 1.0017255544662476, 0.8384209275245667, 0.9941592812538147, 0.8550686836242676, 1.042707920074463, 0.8087084293365479, 1.0027780532836914, 0.7894721627235413, 0.9166121482849121, 0.891383945941925, 0.8685812950134277], "train_accs": [0.0], "dev_accs": [0.0], "test_accs": [0.0]}