{"loss_data": [6.69342565536499, 6.574844837188721, 6.452186584472656, 6.333612442016602, 6.194537162780762, 6.051292419433594, 5.896581649780273, 5.760985851287842, 5.581957817077637, 5.433760643005371, 5.265232086181641, 5.113689422607422, 4.944995880126953, 4.801542282104492, 4.645856857299805, 4.5165839195251465, 4.382927417755127, 4.247976303100586, 4.143545627593994, 4.061731338500977, 3.9587173461914062, 3.868469476699829, 3.762150764465332, 3.7282135486602783, 3.655205011367798, 3.5849180221557617, 3.5885329246520996, 3.518292188644409, 3.476616382598877, 3.465618371963501, 3.420745611190796, 3.3991665840148926, 3.3253157138824463, 3.301738739013672, 3.265036106109619, 3.2396137714385986, 3.141207456588745, 3.161661148071289, 3.118492603302002, 3.046222686767578, 2.9593303203582764, 2.995673656463623, 2.938753128051758, 2.8987932205200195, 2.839006185531616, 2.760485887527466, 2.798504114151001, 2.7503209114074707, 2.709195375442505, 2.6624722480773926, 2.6339833736419678, 2.6833324432373047, 2.603522777557373, 2.563204526901245, 2.5296480655670166, 2.5071825981140137, 2.4316093921661377, 2.4211244583129883, 2.4198849201202393, 2.3579370975494385, 2.3725945949554443, 2.343721866607666, 2.2904298305511475, 2.26155686378479, 2.2379255294799805, 2.27811598777771, 2.1508097648620605, 2.1653475761413574, 2.09106707572937, 2.077808380126953, 2.080305576324463, 2.012406587600708, 2.0298244953155518, 1.953749179840088, 1.9281222820281982, 1.9150882959365845], "train_accs": [0.0], "dev_accs": [0.0], "test_accs": [0.0]}