{"loss_data": [2.754286766052246, 1.948814868927002, 1.7864108085632324, 1.7967498302459717, 1.695310115814209, 1.762783408164978, 1.7126648426055908, 1.6011115312576294, 1.6505107879638672, 1.6167871952056885, 1.5503696203231812, 1.479615569114685, 1.3479338884353638, 1.4233828783035278, 1.3451118469238281, 1.193774938583374, 1.2506494522094727, 1.0617696046829224, 1.2143499851226807, 1.0725131034851074, 1.0515165328979492, 1.1339155435562134, 1.0024335384368896, 1.0681010484695435, 1.033645749092102, 1.0707650184631348, 1.016204595565796, 1.0129913091659546, 0.9379845857620239, 0.9945763945579529, 0.9233508706092834, 1.0667901039123535, 0.8821846842765808, 0.8097109198570251, 1.01300048828125, 0.8683971166610718, 0.9760521054267883, 0.8824001550674438, 0.8387000560760498, 0.8802757859230042, 0.8905847668647766, 0.8967862129211426, 0.919522762298584, 0.9125062227249146, 0.8604872226715088, 0.7793136835098267, 0.8667539358139038, 0.9640852212905884, 0.9144688844680786, 0.9594652056694031, 0.8144273161888123, 0.8976256847381592, 0.8935121297836304, 0.8715497255325317, 0.8451669812202454, 0.9198275804519653, 0.8290812969207764, 0.8129453659057617, 0.7408032417297363, 0.863191545009613, 0.7551804780960083, 0.8144593834877014, 0.823246955871582, 0.8239622712135315, 0.8448793292045593, 0.8433605432510376, 0.8874280452728271, 0.6680925488471985, 0.8703715801239014, 0.8209996223449707, 0.7668877840042114, 0.8728268146514893, 0.8233352899551392, 0.8676342964172363, 0.8905652165412903, 0.7043088674545288, 0.6978960633277893, 0.7528877258300781, 0.8277365565299988, 0.748153805732727, 0.7105705738067627, 0.7981885671615601, 0.785491943359375, 0.6363458037376404, 0.781894862651825, 0.6879397034645081, 0.8321729302406311, 0.7113345265388489, 0.749593198299408, 0.7593737244606018, 0.7408830523490906, 0.7641856074333191, 0.7090988159179688, 0.7549266815185547, 0.7101961970329285], "train_accs": [0.0, 0.10207907293796864], "dev_accs": [0.0, 0.09441036128152692], "test_accs": [0.0, 0.0]}