{"loss_data": [2.5708413124084473, 2.603159189224243], "train_accs": [0.0, 0.0], "dev_accs": [0.0, 0.0], "test_accs": [0.0, 0.0]}