{"loss_data": [3.136302947998047, 2.93315052986145], "train_accs": [0.0, 0.0], "dev_accs": [0.0, 0.0], "test_accs": [0.0, 0.0]}