{"loss_data": [2.7441093921661377, 2.6924068927764893], "train_accs": [0.0, 0.0], "dev_accs": [0.0, 0.0], "test_accs": [0.0, 0.0]}