{"loss_data": [3.2077155113220215, 2.906989812850952, 2.112086772918701, 1.8082016706466675, 1.4700313806533813, 1.2497460842132568, 1.1027300357818604, 0.9339501857757568, 0.7312504649162292, 0.6897046566009521, 0.4948606789112091, 0.3540603220462799, 0.3049512803554535, 0.24924755096435547, 0.23464304208755493, 0.1832197606563568, 0.14800800383090973, 0.14938992261886597, 0.13584865629673004, 0.11853539943695068, 0.08827272802591324, 0.11149108409881592, 0.09157808870077133, 0.0772610604763031, 0.10170580446720123, 0.08623966574668884, 0.05122797191143036, 0.05410473793745041, 0.04518691077828407, 0.03827802091836929, 0.05688823014497757, 0.025669611990451813, 0.042525239288806915, 0.04180913418531418, 0.03243481367826462, 0.04077700525522232], "train_accs": [0.0], "dev_accs": [0.0], "test_accs": [0.0]}