{"loss_data": [2.6799304485321045, 2.53415846824646, 1.930180549621582, 1.6605077981948853, 1.343058705329895], "train_accs": [0.0], "dev_accs": [0.0], "test_accs": [0.0]}