{"loss_data": [2.319096088409424, 2.2351837158203125], "train_accs": [0.0, 0.0], "dev_accs": [0.0, 0.0], "test_accs": [0.0, 0.0]}