{"loss_data": [3.0989136695861816, 2.8233559131622314], "train_accs": [0.0, 0.0], "dev_accs": [0.0, 0.0], "test_accs": [0.0, 0.0]}