{"loss_data": [2.821218490600586, 2.682154893875122, 2.109178304672241, 1.9582045078277588, 1.7083048820495605, 1.4949394464492798, 1.2848951816558838, 1.0313284397125244, 0.8013518452644348, 0.5966943502426147, 0.450725257396698, 0.4162576496601105, 0.302148699760437, 0.26270678639411926, 0.22331386804580688, 0.24617820978164673, 0.20444568991661072, 0.16198508441448212, 0.1298031508922577, 0.11900894343852997, 0.10779406875371933, 0.11895494908094406, 0.07887357473373413, 0.08187706023454666, 0.08701926469802856, 0.07353470474481583, 0.06272286176681519, 0.06675387918949127, 0.06068955361843109, 0.09609682857990265, 0.05553358793258667, 0.04257325083017349, 0.0459185354411602, 0.04004035145044327, 0.058889638632535934, 0.036179762333631516, 0.032391518354415894, 0.024878211319446564, 0.05176365748047829, 0.02100461721420288, 0.04030879959464073, 0.029483940452337265, 0.028066640719771385, 0.023449651896953583, 0.018868708983063698, 0.01982080563902855, 0.029145315289497375, 0.018649872392416, 0.030319944024086, 0.017936674878001213, 0.01299405749887228, 0.02903471142053604, 0.016184089705348015, 0.011667804792523384, 0.014742905274033546, 0.01654660888016224, 0.029906021431088448, 0.023478258401155472, 0.008966732770204544, 0.013268088921904564, 0.01761557348072529, 0.04288138076663017, 0.0124321598559618, 0.02181345969438553, 0.00929576437920332, 0.02369314432144165, 0.018113035708665848, 0.009435457177460194, 0.02089906483888626], "train_accs": [0.0, 1.0], "dev_accs": [0.0, 1.0], "test_accs": [0.0, 0.014274591227614845]}