{"loss_data": [2.980405807495117, 2.919886589050293], "train_accs": [0.0, 0.0], "dev_accs": [0.0, 0.0], "test_accs": [0.0, 0.0]}