{"loss_data": [2.8095695972442627, 2.751181125640869, 1.99941885471344, 1.8219189643859863, 1.476623296737671, 1.2516790628433228, 1.003159523010254, 0.8132777214050293, 0.7185198068618774, 0.6173398494720459, 0.49765709042549133, 0.4082481563091278, 0.3798025846481323, 0.3074847161769867, 0.23469898104667664, 0.2155759632587433, 0.1879839450120926, 0.2013554722070694, 0.1419045627117157, 0.14712633192539215, 0.09943099319934845, 0.10722881555557251, 0.08722849935293198, 0.11287529021501541, 0.05648726597428322, 0.07616408914327621, 0.08084467053413391, 0.05081573873758316, 0.07205000519752502, 0.06742764264345169, 0.0659962072968483, 0.06037687137722969, 0.05572282895445824, 0.033268313854932785, 0.049548689275979996, 0.04215613752603531, 0.032467711716890335, 0.024606356397271156, 0.02257321961224079, 0.020460130646824837, 0.03564458340406418, 0.015863638371229172, 0.026712052524089813, 0.020167455077171326, 0.015721742063760757, 0.030753644183278084, 0.02480769343674183, 0.01047887559980154, 0.02590891718864441, 0.028645921498537064, 0.020196985453367233, 0.017380744218826294, 0.012289337813854218, 0.02088352106511593, 0.015253031626343727, 0.0076809534803032875, 0.018762284889817238, 0.006015591323375702, 0.02180490829050541, 0.014452571980655193, 0.007924076169729233, 0.0312759168446064, 0.019147777929902077, 0.007866029627621174, 0.010910785757005215, 0.03246742859482765, 0.006602663081139326, 0.010600385256111622, 0.010230844840407372, 0.00983139593154192], "train_accs": [0.0, 1.0], "dev_accs": [0.0, 1.0], "test_accs": [0.0, 1.0]}