{"loss_data": [2.9588136672973633, 2.8226051330566406], "train_accs": [0.0, 0.0], "dev_accs": [0.0, 0.0], "test_accs": [0.0, 0.0]}