{"loss_data": [2.6076135635375977, 2.6076579093933105], "train_accs": [0.0, 0.0], "dev_accs": [0.0, 0.0], "test_accs": [0.0, 0.0]}