{"loss_data": [2.6244733333587646, 2.541433572769165], "train_accs": [0.0, 0.0], "dev_accs": [0.0, 0.0], "test_accs": [0.0, 0.0]}