{"loss_data": [2.9457461833953857, 2.9258790016174316], "train_accs": [0.0, 0.0], "dev_accs": [0.0, 0.0], "test_accs": [0.0, 0.0]}