{"loss_data": [2.648867130279541, 2.5812692642211914], "train_accs": [0.0, 0.0], "dev_accs": [0.0, 0.0], "test_accs": [0.0, 0.0]}