{"loss_data": [2.882002592086792, 2.7677881717681885], "train_accs": [0.0, 0.0], "dev_accs": [0.0, 0.0], "test_accs": [0.0, 0.0]}