{"loss_data": [2.3633031845092773, 2.2764177322387695], "train_accs": [0.0, 0.0], "dev_accs": [0.0, 0.0], "test_accs": [0.0, 0.0]}