{"loss_data": [2.4454081058502197, 2.4910151958465576], "train_accs": [0.0, 0.0], "dev_accs": [0.0, 0.0], "test_accs": [0.0, 0.0]}