{"loss_data": [2.739072561264038, 1.9922906160354614, 1.8524426221847534, 1.8499319553375244, 1.7838653326034546, 1.7673836946487427, 1.7341022491455078, 1.7295490503311157, 1.6629129648208618, 1.6265852451324463, 1.626206398010254, 1.4800161123275757, 1.4890159368515015, 1.3793883323669434, 1.4553518295288086, 1.3999028205871582, 1.3061190843582153, 1.259145975112915, 1.2453572750091553, 1.2052669525146484, 1.2173184156417847, 1.2078245878219604, 1.1033906936645508, 1.134831190109253, 1.4229280948638916, 1.1270874738693237, 1.2552939653396606, 1.0033824443817139, 1.0132830142974854, 1.1341912746429443, 1.1297687292099, 1.0559778213500977, 1.0429527759552002, 0.9161668419837952, 0.9960761666297913, 1.0820732116699219, 1.1216814517974854, 1.017053484916687, 1.0183507204055786, 0.9503786563873291, 1.027360200881958, 1.0800458192825317, 1.0498602390289307, 0.9802776575088501, 1.0077953338623047, 0.9218825101852417, 0.9250731468200684, 0.8899701833724976, 1.013730764389038, 0.8822722434997559, 1.043307900428772, 0.7944211959838867, 0.9270356893539429, 0.949579119682312, 0.8804020881652832, 0.8830686807632446, 0.9803635478019714, 0.8934775590896606, 0.980076014995575, 0.8460617661476135, 0.8727714419364929, 0.8167188167572021, 0.9100581407546997, 1.0649312734603882, 0.853591799736023, 0.9222475290298462, 0.8894760012626648, 0.868212878704071, 0.8729270696640015, 0.9180157780647278], "train_accs": [0.0, 0.0, 0.0, 0.0, 0.0], "dev_accs": [0.0, 0.0, 0.0, 0.0, 0.0], "test_accs": [0.0, 0.0, 0.0, 0.0, 0.0]}