{"loss_data": [2.4180033206939697, 1.740352749824524, 1.7488620281219482, 1.7359064817428589, 1.633294939994812, 1.6604067087173462, 1.5816234350204468, 1.4849849939346313, 1.299895167350769, 1.0989549160003662, 1.2052398920059204, 1.1647471189498901, 0.8776752948760986, 0.954099714756012, 0.8941901326179504, 0.9669011235237122, 0.8520145416259766, 0.7851389050483704, 0.8675524592399597, 0.8595598340034485, 0.7000575065612793, 0.7685664296150208, 0.8426134586334229, 0.7339096069335938, 0.7124126553535461, 0.767675518989563, 0.635505199432373, 0.676672637462616, 0.6793823838233948, 0.662341833114624, 0.6414805054664612, 0.657463014125824, 0.6907812356948853, 0.5739626884460449, 0.6548500061035156, 0.5233550667762756, 0.5781630277633667, 0.5863754153251648, 0.5325589776039124, 0.6094471216201782], "train_accs": [0.10216428084526244], "dev_accs": [0.09475119291070211], "test_accs": [0.0]}