{"loss_data": [3.0128910541534424, 2.0992913246154785, 1.9436485767364502, 1.9512654542922974, 1.824105143547058, 1.7646992206573486, 1.7655469179153442, 1.7945421934127808, 1.777012586593628, 1.7569066286087036, 1.7839982509613037, 1.7678731679916382, 1.7358068227767944, 1.750740885734558, 1.7248095273971558, 1.7327830791473389, 1.613459825515747, 1.6212401390075684, 1.6097230911254883], "train_accs": [0.0], "dev_accs": [0.0], "test_accs": [0.0]}