{"loss_data": [2.4975228309631348, 1.8538154363632202, 1.7793346643447876, 1.803647518157959, 1.789613127708435, 1.8117376565933228, 1.776450753211975, 1.7567607164382935, 1.796726942062378, 1.753570795059204, 1.733786702156067, 1.755550742149353, 1.6131218671798706, 1.5715153217315674, 1.3196903467178345, 1.2757490873336792, 1.5010558366775513, 1.2317743301391602, 1.2720054388046265, 1.2225767374038696, 1.1823240518569946, 1.2157089710235596, 1.1081781387329102, 1.1446205377578735, 1.2002601623535156, 1.0928924083709717, 1.0713419914245605, 1.0247458219528198, 1.0646235942840576, 1.0126203298568726], "train_accs": [0.0], "dev_accs": [0.0], "test_accs": [0.0]}