{"loss_data": [2.7015185356140137, 2.6482441425323486, 2.105419874191284, 1.9373753070831299, 1.4922370910644531, 1.182827353477478, 0.9188809990882874, 0.8187021613121033, 0.5852929353713989, 0.4858482778072357, 0.35767534375190735, 0.34094783663749695, 0.301332950592041, 0.2539093494415283, 0.18479043245315552, 0.1996498703956604, 0.20141246914863586, 0.19898898899555206, 0.13684450089931488, 0.1399049311876297, 0.11553997546434402, 0.10089896619319916, 0.10979533195495605, 0.08908908814191818, 0.09059549868106842, 0.06272771209478378, 0.070297971367836, 0.054545845836400986, 0.0640278160572052, 0.05221574008464813, 0.05885178968310356, 0.06979486346244812, 0.03355574607849121, 0.040267910808324814, 0.03627272695302963, 0.046454597264528275, 0.02916085720062256, 0.03395712375640869, 0.02434157393872738, 0.04166047275066376, 0.03492165729403496, 0.03094577230513096, 0.043619219213724136, 0.021794486790895462, 0.030833790078759193, 0.039692472666502, 0.023333149030804634, 0.02659519389271736, 0.019200658425688744, 0.018929975107312202, 0.029120026156306267, 0.03443997725844383, 0.015693198889493942, 0.020066186785697937, 0.018779661506414413, 0.011852465569972992, 0.03546520322561264, 0.020162515342235565, 0.0148440171033144, 0.011793985962867737, 0.01566644199192524, 0.021827412769198418, 0.022153761237859726, 0.012692340649664402, 0.016687912866473198, 0.027746735140681267, 0.009692365303635597, 0.009082343429327011, 0.014404118061065674, 0.02125954069197178, 0.009111873805522919], "train_accs": [0.0, 1.0], "dev_accs": [0.0, 1.0], "test_accs": [0.0, 1.0]}