{"loss_data": [2.721226692199707, 2.0098516941070557, 1.9684306383132935, 1.7359575033187866, 1.5218836069107056, 1.2576494216918945, 0.9958969354629517, 0.7725417017936707, 0.5686137080192566, 0.46694889664649963, 0.3723185956478119, 0.31308531761169434, 0.3061203956604004, 0.24535860121250153, 0.2628409266471863, 0.22326962649822235, 0.18762633204460144, 0.16470332443714142, 0.1306993067264557, 0.1312616765499115, 0.1078416258096695, 0.09513755142688751, 0.07654688507318497, 0.07669522613286972, 0.06965772062540054, 0.0764959305524826, 0.062310460954904556, 0.04645940661430359], "train_accs": [0.9609085475194262, 1.0], "dev_accs": [0.9560229445506692, 1.0], "test_accs": [0.7444976076555024, 0.999043062200957]}