{"loss_data": [2.9249420166015625, 2.7263710498809814, 2.0032780170440674, 1.9192973375320435, 1.657336711883545, 1.3642451763153076, 1.1683188676834106, 1.0165748596191406, 0.7524719834327698, 0.7319927215576172, 0.5849029421806335, 0.41545188426971436, 0.3330707252025604, 0.2910226881504059, 0.2305241972208023, 0.2041770964860916, 0.19115765392780304, 0.17255422472953796, 0.13795070350170135, 0.12703490257263184, 0.103725865483284, 0.08945044130086899, 0.09988176822662354, 0.08700624108314514, 0.07042355835437775, 0.06811509281396866, 0.058619651943445206, 0.06397316604852676, 0.04860275611281395, 0.05444437265396118, 0.0620117112994194, 0.0550677590072155, 0.06250656396150589, 0.050701018422842026, 0.04674185439944267, 0.0354844406247139, 0.039277736097574234, 0.03253898024559021, 0.02646968699991703, 0.04078458249568939, 0.024799933657050133, 0.024817422032356262, 0.02619023621082306, 0.027342000976204872, 0.017201874405145645, 0.024714980274438858, 0.014936991035938263, 0.012019631452858448, 0.025719990953803062, 0.02373897098004818, 0.02993488870561123, 0.01939510367810726, 0.01794024370610714, 0.00841586198657751, 0.012434486299753189, 0.011517291888594627, 0.020250597968697548, 0.01058610063046217, 0.014370037242770195, 0.012404274195432663, 0.010685859248042107, 0.01554153487086296, 0.010159643366932869, 0.013757421635091305, 0.009824024513363838, 0.008021480403840542, 0.007493942975997925, 0.019517436623573303, 0.009486283175647259, 0.012057649902999401, 0.006838120985776186, 0.016934625804424286, 0.018935438245534897, 0.008170426823198795, 0.006436075549572706, 0.010933083482086658, 0.008279658854007721, 0.01015758141875267, 0.006555541884154081, 0.0060026682913303375, 0.011013677343726158, 0.007341194432228804, 0.0056064981035888195, 0.010268614627420902, 0.01887516677379608, 0.006943756714463234, 0.003659694455564022, 0.006206104066222906, 0.013445976190268993, 0.00519023509696126, 0.005770317278802395, 0.002882119035348296, 0.0037508164532482624, 0.0036149669904261827, 0.0033384624402970076], "train_accs": [0.0, 1.0], "dev_accs": [0.0, 1.0], "test_accs": [0.0, 1.0]}