{"loss_data": [3.043989419937134, 2.7035024166107178, 1.9695264101028442, 1.6171971559524536, 1.4348186254501343, 1.1203694343566895, 0.9638885855674744, 0.8410348892211914, 0.7583000659942627, 0.5736708045005798, 0.5300063490867615, 0.47221824526786804, 0.3752332031726837, 0.28359368443489075, 0.24469327926635742, 0.23850060999393463, 0.2096390724182129, 0.19162875413894653, 0.18530043959617615, 0.16655109822750092, 0.12037230283021927, 0.13876870274543762, 0.10434998571872711, 0.08042437583208084, 0.11108908802270889, 0.09187129884958267, 0.08658427745103836, 0.05408555269241333, 0.057927876710891724, 0.08535228669643402, 0.06448982656002045, 0.045459531247615814, 0.05672505125403404, 0.05338327959179878, 0.04826771840453148, 0.05595842003822327, 0.04329068958759308, 0.04713572934269905, 0.033303238451480865, 0.028413936495780945, 0.03012198768556118, 0.05619460344314575, 0.02803962677717209, 0.02587996982038021, 0.04358692094683647, 0.028636569157242775, 0.01939254067838192, 0.037621185183525085, 0.01926443912088871, 0.024043405428528786, 0.02247713878750801, 0.027094051241874695, 0.013293429277837276, 0.0171482153236866, 0.018463443964719772, 0.015579341910779476, 0.030467040836811066, 0.013386084698140621, 0.012936195358633995, 0.018859228119254112, 0.02166784554719925, 0.02532893233001232, 0.015545536763966084, 0.009794159792363644, 0.021796979010105133, 0.015573452226817608, 0.020565656945109367, 0.015336170792579651, 0.006424774415791035, 0.010503634810447693, 0.011907954700291157], "train_accs": [0.0, 1.0], "dev_accs": [0.0, 1.0], "test_accs": [0.0, 0.38359719698935896]}