{"loss_data": [2.824439764022827, 2.1729142665863037, 1.9614571332931519, 1.9382967948913574, 1.7221635580062866, 1.4591279029846191, 1.218520164489746, 0.9736993908882141, 0.7417898178100586, 0.573447585105896, 0.5333170294761658, 0.3524465262889862, 0.32650262117385864, 0.24610751867294312, 0.25433143973350525, 0.229872465133667, 0.20441555976867676, 0.16606952250003815, 0.12420859187841415, 0.1252843588590622, 0.10066518932580948, 0.11834383755922318, 0.08221748471260071, 0.07514143735170364, 0.06434208154678345, 0.08124089241027832, 0.06553599238395691, 0.060980722308158875], "train_accs": [0.9378362223550508, 1.0], "dev_accs": [0.9206500956022945, 1.0], "test_accs": [0.6985645933014354, 1.0]}