{"loss_data": [2.617004632949829, 2.6096537113189697, 2.0026137828826904, 1.812510371208191, 1.6577203273773193, 1.4378538131713867, 1.1838014125823975, 1.0361472368240356, 0.8507966995239258, 0.6612195372581482, 0.5758445858955383, 0.4647566080093384, 0.37956002354621887, 0.34824061393737793, 0.273072749376297, 0.2332654744386673, 0.23666544258594513, 0.1818404346704483, 0.15362973511219025, 0.1304808259010315, 0.1482810080051422, 0.13059696555137634, 0.12994225323200226, 0.11222351342439651, 0.10218775272369385, 0.08225694298744202, 0.08700758963823318, 0.06983029842376709, 0.06362677365541458, 0.04698248207569122, 0.051386088132858276, 0.03654801845550537, 0.04178127646446228, 0.06503672897815704, 0.03285342827439308, 0.046865444630384445, 0.041247446089982986, 0.030801190063357353, 0.032464563846588135, 0.041154079139232635, 0.026662221178412437, 0.0418916679918766, 0.037521809339523315, 0.029863351956009865, 0.021174943074584007, 0.029118157923221588, 0.028902100399136543, 0.02850298024713993, 0.02404789812862873, 0.02445867657661438, 0.017545031383633614, 0.02218586392700672, 0.014690800569951534, 0.013720421120524406, 0.026546122506260872, 0.021974626928567886, 0.017249446362257004, 0.0113430917263031, 0.016361817717552185, 0.008811927400529385, 0.01178190391510725, 0.012426783330738544, 0.006738833151757717, 0.011207394301891327, 0.009203745052218437], "train_accs": [0.0, 1.0], "dev_accs": [0.0, 1.0], "test_accs": [0.0, 1.0]}