{"loss_data": [2.8510818481445312, 2.7219014167785645, 2.051828145980835, 1.9879554510116577, 1.8808197975158691, 1.6495314836502075, 1.4655518531799316, 1.264082908630371, 0.9480283260345459, 0.7647924423217773, 0.6997761726379395, 0.504506528377533, 0.42823702096939087, 0.3704773187637329, 0.3519611358642578, 0.2738296389579773, 0.23374739289283752, 0.20240765810012817, 0.1543264240026474, 0.14243102073669434, 0.14490368962287903, 0.11203552037477493, 0.15802128612995148, 0.11201408505439758, 0.08542520552873611, 0.08429118990898132, 0.06510162353515625, 0.07451844215393066, 0.06038645654916763, 0.05863017588853836, 0.04545358195900917, 0.049991317093372345, 0.04068629443645477, 0.04464972764253616, 0.03273526206612587, 0.034930214285850525, 0.04181411489844322, 0.022000493481755257, 0.03967355191707611, 0.03867698088288307, 0.029743563383817673, 0.03236890211701393, 0.023266233503818512, 0.028640292584896088, 0.03268672153353691, 0.0285174660384655, 0.03027406334877014, 0.020300088450312614, 0.012275455519557, 0.025045199319720268, 0.013101773336529732, 0.02247263304889202, 0.02129269205033779, 0.009787150658667088, 0.012841716408729553, 0.01949496939778328, 0.031228382140398026, 0.025197507813572884, 0.016895603388547897], "train_accs": [0.0, 1.0], "dev_accs": [0.0, 1.0], "test_accs": [0.0, 0.036594861147158056]}